# https://www.kernel.org/pub/software/scm/git/docs/git-shortlog.html#_mapping_authors
Ash Berlin <ash@cpan.org> <ash_github@firemirror.com>
Brad Bowman <bowmanbs@cpan.org> <github@bereft.net>
Brad Bowman <bowmanbs@cpan.org> <bsb@strategicdata.com.au>
Chris Prather <chris@prather.org> <cprather@hdpublishing.com>
Christian Hansen <chansen@cpan.org> chansen <chansen@cpan.org>
Cory Watson <github@onemogin.com> Cory G Watson <gphat@onemogin.com>
Dan Dascalescu <ddascaNOSPAMlescu@gmail.com> dandv <bigbang7@gmail.com>
Daisuke Maki (lestrrat) <daisuke@endeworks.jp> lestrrat <lestrrat+github@gmail.com>
Daisuke Maki (lestrrat) <daisuke@endeworks.jp> Daisuke Maki <dmaki@cpan.org>
Dave Rolsky <autarch@urth.org> <autarch@houseabsolute.urth.org>
Jay Hannah <jay@jays.net> jhannah <jay@jays.net>
John Napiorkowski <jjnapiork@cpan.org> <johnn@John-Napiorkowski-MacBook-Pro.local>
John Napiorkowski <jjnapiork@cpan.org> <johnn@new-host.home>
Justin Hunter <justin.d.hunter@gmail.com> arcanez <justin.d.hunter@gmail.com>
Kent Fredric <kentnl@cpan.org> <kentfredric@gmail.com>
Karen Etheridge <ether@cpan.org> <karen@etheridge.ca>
Karen Etheridge <ether@cpan.org> <github@froods.org>
Lars Dɪᴇᴄᴋᴏᴡ 迪拉斯 <daxim@cpan.org> Lars Dieckow <daxim@cpan.org>
Mateu X Hunter <hunter@missoula.org> mateu <hunter@missoula.org>
Matt S Trout <mstrout@cpan.org> <matthewt@hercule.scsys.co.uk>
Paul Jamieson Fenwick <pjf@perltraining.com.au> Paul Fenwick <pjf@perltraining.com.au>
Ricardo Signes <rjbs@cpan.org> Ricardo SIGNES <rjbs@cpan.org>
Shawn M Moore <sartak@cpan.org> <sartak@bestpractical.com>
Shawn M Moore <sartak@cpan.org> <sartak@gmail.com>
Shawn M Moore <sartak@cpan.org> <code@sartak.org>
Stevan Little <stevan.little@iinteractive.com> <stevan@localhost.(none)>
Stevan Little <stevan.little@iinteractive.com> <stevan@Macintosh.local>
Todd Hepler <thepler@cpan.org> <thepler@genome.wustl.edu>
Todd Hepler <thepler@cpan.org> <thepler@employees.org>
Tomas Doran <bobtfish@bobtfish.net> Tomas Doran (t0m) <t0m@state51.co.uk>
Tomas Doran <bobtfish@bobtfish.net> Tomas Doran (t0m <t0m@state51.co.uk>
Tomas Doran <bobtfish@bobtfish.net> t0m <bobtfish@bobtfish.net>
Upasana Shukla <me@upasana.me> <me@upasna.in>
Upasana Shukla <me@upasana.me> Upasana
יובל קוג'מן (Yuval Kogman) <nothingmuch@woobling.org> Yuval Kogman <nothingmuch@woobling.org>
Mark Fowler <mark@twoshortplanks.com> 2shortplanks <mark@twoshortplanks.com>
Michael Rykov <mrykov@gmail.com> michaelr <michaelr@michaelr-laptop.(none)>
Nick Perez <nperez@cpan.org> nperez
Philipp Gortan <mephinet@gmx.net> mephinet
<avar@cpan.org> <avarab@gmail.com>
Moritz Onken <moritz@cpan.org> <onken@houseofdesign.de>
<alh@cpan.org> <wolfsage@gmail.com>
<oalders@cpan.org> <olaf@wundersolutions.com>
<jrockway@cpan.org> <jon@jrock.us>
<mramberg@cpan.org> <marcus@nordaaker.com>
<jrobinson@cpan.org> <cpan@desert-island.me.uk>
<jesse@cpan.org> <jesse@bestpractical.com>
<doy@cpan.org> <doy@tozt.net>
<stevan@cpan.org> <stevan.little@iinteractive.com>
<hdp@cpan.org> <hdp@weftsoar.net>
<gshank@cpan.org> <gerda.shank@gmail.com>
<shlomif@cpan.org> <shlomif@iglu.org.il>
<relequest@cpan.org> <relequestual@gmail.com>
<shlomif@cpan.org> <shlomif@iglu.org.il>
<phaylon@cpan.org> <rs@474.at>
<yanick@cpan.org> <yanick@babyl.dyndns.org>
<jhannah@cpan.org> <jay@jays.net>
<vanstyn@cpan.org> <vanstyn@intellitree.com>
<exodist@cpan.org> <chad.granum@dreamhost.com>
Paul Driver <frodwith@cpan.org> <frodwith@gmail.com>
